{
    "FC서울": {
        "DF": {
            "t_fit_score": 3.408716300983466,
            "p_fit_score": 0.9681636134889186,
            "c_fit_score": 0.85
        },
        "ETC": {
            "t_fit_score": 0.9172177520999514,
            "p_fit_score": 1.0504455103107737,
            "c_fit_score": 0.85
        },
        "FW": {
            "t_fit_score": 1.2150683963012983,
            "p_fit_score": 0.9581666852742433,
            "c_fit_score": 0.85
        },
        "MF": {
            "t_fit_score": 2.030532951520623,
            "p_fit_score": 0.9450845795335621,
            "c_fit_score": 0.85
        }
    },
    "강원FC": {
        "DF": {
            "t_fit_score": 2.054888643273705,
            "p_fit_score": 1.0158624898617035,
            "c_fit_score": 0.85
        },
        "ETC": {
            "t_fit_score": 0.4743254535092046,
            "p_fit_score": 1.0398740434573537,
            "c_fit_score": 0.85
        },
        "FW": {
            "t_fit_score": 1.0493635112345372,
            "p_fit_score": 1.0160997788659032,
            "c_fit_score": 0.85
        },
        "MF": {
            "t_fit_score": 1.5366710196762543,
            "p_fit_score": 1.069452700872415,
            "c_fit_score": 0.85
        }
    },
    "광주FC": {
        "DF": {
            "t_fit_score": 2.7651877982714144,
            "p_fit_score": 0.9852162897350093,
            "c_fit_score": 0.8499999999999999
        },
        "ETC": {
            "t_fit_score": 0.8935652323089102,
            "p_fit_score": 1.0459992634999207,
            "c_fit_score": 0.85
        },
        "FW": {
            "t_fit_score": 1.5399332415921525,
            "p_fit_score": 1.0238382343039525,
            "c_fit_score": 0.85
        },
        "MF": {
            "t_fit_score": 1.4295518775019873,
            "p_fit_score": 0.9798444742150465,
            "c_fit_score": 0.85
        }
    },
    "김천 상무 프로축구단": {
        "DF": {
            "t_fit_score": 2.9705079130686043,
            "p_fit_score": 1.1346072439431045,
            "c_fit_score": 0.85
        },
        "ETC": {
            "t_fit_score": 0.9245513151315853,
            "p_fit_score": 0.9869654177786011,
            "c_fit_score": 0.85
        },
        "FW": {
            "t_fit_score": 1.3190277522919784,
            "p_fit_score": 1.037809852800603,
            "c_fit_score": 0.85
        },
        "MF": {
            "t_fit_score": 1.7589350798295011,
            "p_fit_score": 1.017170405860573,
            "c_fit_score": 0.85
        }
    },
    "대구FC": {
        "DF": {
            "t_fit_score": 3.241253268769308,
            "p_fit_score": 0.9857889726341726,
            "c_fit_score": 0.85
        },
        "ETC": {
            "t_fit_score": 0.5991864399361998,
            "p_fit_score": 0.9539789573107872,
            "c_fit_score": 0.85
        },
        "FW": {
            "t_fit_score": 1.3198932951265225,
            "p_fit_score": 0.9777582740771078,
            "c_fit_score": 0.85
        },
        "MF": {
            "t_fit_score": 1.4535028308619908,
            "p_fit_score": 0.9830769009680066,
            "c_fit_score": 0.85
        }
    },
    "대전 하나 시티즌": {
        "DF": {
            "t_fit_score": 3.4676736133956334,
            "p_fit_score": 1.055412296448122,
            "c_fit_score": 0.85
        },
        "ETC": {
            "t_fit_score": 0.9764083938660209,
            "p_fit_score": 1.03413729590547,
            "c_fit_score": 0.85
        },
        "FW": {
            "t_fit_score": 1.5243913158660556,
            "p_fit_score": 1.0382622362477938,
            "c_fit_score": 0.85
        },
        "MF": {
            "t_fit_score": 1.8679784571010067,
            "p_fit_score": 1.0238444973645384,
            "c_fit_score": 0.85
        }
    },
    "수원FC": {
        "DF": {
            "t_fit_score": 3.1116013372596054,
            "p_fit_score": 0.9671450059724681,
            "c_fit_score": 0.85
        },
        "ETC": {
            "t_fit_score": 0.972999026693344,
            "p_fit_score": 0.9891664966580015,
            "c_fit_score": 0.85
        },
        "FW": {
            "t_fit_score": 1.0777073684189857,
            "p_fit_score": 0.9583685457830843,
            "c_fit_score": 0.85
        },
        "MF": {
            "t_fit_score": 1.7417494787829322,
            "p_fit_score": 0.8863128819277216,
            "c_fit_score": 0.85
        }
    },
    "울산 HD FC": {
        "DF": {
            "t_fit_score": 2.405847342713205,
            "p_fit_score": 1.0420280404881277,
            "c_fit_score": 0.85
        },
        "ETC": {
            "t_fit_score": 0.8164254700654057,
            "p_fit_score": 0.8968268667242095,
            "c_fit_score": 0.85
        },
        "FW": {
            "t_fit_score": 1.4168465771605456,
            "p_fit_score": 0.9762555218033598,
            "c_fit_score": 0.8499999999999999
        },
        "MF": {
            "t_fit_score": 1.6140255525481906,
            "p_fit_score": 0.8862691685839055,
            "c_fit_score": 0.85
        }
    },
    "인천 유나이티드": {
        "DF": {
            "t_fit_score": 2.875947093618616,
            "p_fit_score": 1.0503943249942398,
            "c_fit_score": 0.8499999999999999
        },
        "ETC": {
            "t_fit_score": 0.51242745983399,
            "p_fit_score": 1.141983525276206,
            "c_fit_score": 0.85
        },
        "FW": {
            "t_fit_score": 0.8739292587386854,
            "p_fit_score": 0.9969287009596829,
            "c_fit_score": 0.85
        },
        "MF": {
            "t_fit_score": 2.0292084528766945,
            "p_fit_score": 1.0379715873312236,
            "c_fit_score": 0.85
        }
    },
    "전북 현대 모터스": {
        "DF": {
            "t_fit_score": 3.0109834205248625,
            "p_fit_score": 1.0174557626915182,
            "c_fit_score": 0.85
        },
        "ETC": {
            "t_fit_score": 0.6633577604720307,
            "p_fit_score": 1.037900124602154,
            "c_fit_score": 0.85
        },
        "FW": {
            "t_fit_score": 1.3584955106247163,
            "p_fit_score": 1.0250444778875176,
            "c_fit_score": 0.85
        },
        "MF": {
            "t_fit_score": 2.0832914796960362,
            "p_fit_score": 0.9359159867976778,
            "c_fit_score": 0.85
        }
    },
    "제주SK FC": {
        "DF": {
            "t_fit_score": 2.7248734580154457,
            "p_fit_score": 0.9771098142914276,
            "c_fit_score": 0.85
        },
        "ETC": {
            "t_fit_score": 0.5080645161290323,
            "p_fit_score": 0.966561767719132,
            "c_fit_score": 0.85
        },
        "FW": {
            "t_fit_score": 1.2183978845749985,
            "p_fit_score": 0.9406335196612049,
            "c_fit_score": 0.85
        },
        "MF": {
            "t_fit_score": 1.4295679310836162,
            "p_fit_score": 0.9867776867258597,
            "c_fit_score": 0.85
        }
    },
    "포항 스틸러스": {
        "DF": {
            "t_fit_score": 3.193300893278987,
            "p_fit_score": 1.085455819080231,
            "c_fit_score": 0.85
        },
        "ETC": {
            "t_fit_score": 0.21661203421654615,
            "p_fit_score": 1.0049740729776786,
            "c_fit_score": 0.85
        },
        "FW": {
            "t_fit_score": 1.147064246199953,
            "p_fit_score": 0.9789481121001781,
            "c_fit_score": 0.85
        },
        "MF": {
            "t_fit_score": 1.5338103702862795,
            "p_fit_score": 1.146732491682049,
            "c_fit_score": 0.85
        }
    }
}