{
    "FC서울": {
        "DF": {
            "t_fit_score": 67.20342437831226,
            "p_fit_score": 44.37423562984101,
            "c_fit_score": 50.0
        },
        "ETC": {
            "t_fit_score": 23.254324151185138,
            "p_fit_score": 72.90198590647022,
            "c_fit_score": 50.0
        },
        "FW": {
            "t_fit_score": 44.21711509715994,
            "p_fit_score": 44.18908819133034,
            "c_fit_score": 50.0
        },
        "MF": {
            "t_fit_score": 58.80845611787316,
            "p_fit_score": 43.43369634849456,
            "c_fit_score": 50.0
        }
    },
    "강원FC": {
        "DF": {
            "t_fit_score": 55.11210762331839,
            "p_fit_score": 50.403587443946186,
            "c_fit_score": 50.0
        },
        "ETC": {
            "t_fit_score": 25.037369207772795,
            "p_fit_score": 64.94768310911809,
            "c_fit_score": 50.0
        },
        "FW": {
            "t_fit_score": 31.746840603342847,
            "p_fit_score": 45.576844679983694,
            "c_fit_score": 50.0
        },
        "MF": {
            "t_fit_score": 58.37070254110612,
            "p_fit_score": 59.71599402092676,
            "c_fit_score": 50.0
        }
    },
    "광주FC": {
        "DF": {
            "t_fit_score": 51.87133494308382,
            "p_fit_score": 50.18972059330804,
            "c_fit_score": 50.0
        },
        "ETC": {
            "t_fit_score": 26.793721973094172,
            "p_fit_score": 67.9372197309417,
            "c_fit_score": 50.0
        },
        "FW": {
            "t_fit_score": 49.125560538116595,
            "p_fit_score": 38.47533632286995,
            "c_fit_score": 50.0
        },
        "MF": {
            "t_fit_score": 55.48308194048104,
            "p_fit_score": 44.49653485527925,
            "c_fit_score": 50.0
        }
    },
    "김천 상무 프로축구단": {
        "DF": {
            "t_fit_score": 61.49903907751441,
            "p_fit_score": 54.548366431774504,
            "c_fit_score": 50.0
        },
        "ETC": {
            "t_fit_score": 28.08295964125561,
            "p_fit_score": 49.88789237668161,
            "c_fit_score": 50.0
        },
        "FW": {
            "t_fit_score": 45.93209481101858,
            "p_fit_score": 60.15374759769379,
            "c_fit_score": 50.0
        },
        "MF": {
            "t_fit_score": 46.827354260089685,
            "p_fit_score": 48.4304932735426,
            "c_fit_score": 50.0
        }
    },
    "대구FC": {
        "DF": {
            "t_fit_score": 76.23318385650224,
            "p_fit_score": 50.26905829596412,
            "c_fit_score": 50.0
        },
        "ETC": {
            "t_fit_score": 39.237668161434975,
            "p_fit_score": 34.52914798206278,
            "c_fit_score": 50.0
        },
        "FW": {
            "t_fit_score": 46.973094170403584,
            "p_fit_score": 47.14125560538116,
            "c_fit_score": 50.0
        },
        "MF": {
            "t_fit_score": 48.91629297458894,
            "p_fit_score": 48.16890881913304,
            "c_fit_score": 50.0
        }
    },
    "대전 하나 시티즌": {
        "DF": {
            "t_fit_score": 63.164638052530435,
            "p_fit_score": 52.322229340166565,
            "c_fit_score": 50.0
        },
        "ETC": {
            "t_fit_score": 37.5,
            "p_fit_score": 55.60538116591928,
            "c_fit_score": 50.0
        },
        "FW": {
            "t_fit_score": 43.60239162929746,
            "p_fit_score": 53.482810164424514,
            "c_fit_score": 50.0
        },
        "MF": {
            "t_fit_score": 48.101644245142005,
            "p_fit_score": 52.21225710014948,
            "c_fit_score": 50.0
        }
    },
    "수원FC": {
        "DF": {
            "t_fit_score": 59.09940209267564,
            "p_fit_score": 48.00074738415545,
            "c_fit_score": 50.0
        },
        "ETC": {
            "t_fit_score": 30.325112107623315,
            "p_fit_score": 48.05680119581465,
            "c_fit_score": 50.0
        },
        "FW": {
            "t_fit_score": 44.13982878108439,
            "p_fit_score": 46.10680799021606,
            "c_fit_score": 50.0
        },
        "MF": {
            "t_fit_score": 55.53064275037369,
            "p_fit_score": 25.859491778774288,
            "c_fit_score": 50.0
        }
    },
    "울산 HD FC": {
        "DF": {
            "t_fit_score": 67.30941704035874,
            "p_fit_score": 61.2780269058296,
            "c_fit_score": 50.0
        },
        "ETC": {
            "t_fit_score": 54.26008968609866,
            "p_fit_score": 22.6457399103139,
            "c_fit_score": 50.0
        },
        "FW": {
            "t_fit_score": 43.25629527423249,
            "p_fit_score": 40.78992756122802,
            "c_fit_score": 50.0
        },
        "MF": {
            "t_fit_score": 48.75560538116592,
            "p_fit_score": 33.29596412556053,
            "c_fit_score": 50.0
        }
    },
    "인천 유나이티드": {
        "DF": {
            "t_fit_score": 70.38634011728183,
            "p_fit_score": 60.865815798551225,
            "c_fit_score": 50.0
        },
        "ETC": {
            "t_fit_score": 24.131165919282513,
            "p_fit_score": 70.23542600896862,
            "c_fit_score": 50.0
        },
        "FW": {
            "t_fit_score": 37.356751370204286,
            "p_fit_score": 48.62979571499751,
            "c_fit_score": 50.0
        },
        "MF": {
            "t_fit_score": 60.949177877429,
            "p_fit_score": 50.89686098654709,
            "c_fit_score": 50.0
        }
    },
    "전북 현대 모터스": {
        "DF": {
            "t_fit_score": 53.46132286995516,
            "p_fit_score": 46.66479820627803,
            "c_fit_score": 50.0
        },
        "ETC": {
            "t_fit_score": 29.52167414050822,
            "p_fit_score": 53.213751868460385,
            "c_fit_score": 50.0
        },
        "FW": {
            "t_fit_score": 40.246636771300444,
            "p_fit_score": 52.17208520179372,
            "c_fit_score": 50.0
        },
        "MF": {
            "t_fit_score": 58.996636771300444,
            "p_fit_score": 35.79035874439462,
            "c_fit_score": 50.0
        }
    },
    "제주SK FC": {
        "DF": {
            "t_fit_score": 68.94618834080717,
            "p_fit_score": 47.02405218100285,
            "c_fit_score": 50.0
        },
        "ETC": {
            "t_fit_score": 31.278026905829595,
            "p_fit_score": 43.38565022421525,
            "c_fit_score": 50.0
        },
        "FW": {
            "t_fit_score": 38.56502242152467,
            "p_fit_score": 41.62929745889387,
            "c_fit_score": 50.0
        },
        "MF": {
            "t_fit_score": 47.384155455904335,
            "p_fit_score": 52.067762830094665,
            "c_fit_score": 50.0
        }
    },
    "포항 스틸러스": {
        "DF": {
            "t_fit_score": 56.40881913303438,
            "p_fit_score": 68.40433482810165,
            "c_fit_score": 50.0
        },
        "ETC": {
            "t_fit_score": 16.367713004484308,
            "p_fit_score": 54.39461883408071,
            "c_fit_score": 50.0
        },
        "FW": {
            "t_fit_score": 53.40059790732437,
            "p_fit_score": 40.931738913801695,
            "c_fit_score": 50.0
        },
        "MF": {
            "t_fit_score": 49.638764324862976,
            "p_fit_score": 71.5495764823119,
            "c_fit_score": 50.0
        }
    }
}